Lennon McBride,444102638,Savings,1000
Larell McBride,431551383,Checking,2500
Ellianna McBride,476687875,Checking,3500
Shirley McBride,005965723,Checking,6000
Kam Dorn,217512645,Savings,1500
Taryn Helms,002607927,Checking,10000
Sasuke Uchia,469426397,Savings,15000
Luffy DMonkey,233479044,Savings,2200
King KROOL,003827896,Savings,6500
Donkey Kong,233025468,Checking,25000
Fox McCloud,395157182,Savings,12500
Avatar Aang,208728517,Checking,6500
Steve Rogers,687057316,Savings,1500
Son Goku,009545701,Checking,4500
Kidd Buu,164445329,Checking,1000